fdc_id,description_en,description_de
167782,"Abiyuch, raw",
171687,"Acerola juice, raw",
171686,"Acerola, (west indian cherry), raw",
168061,Acorn stew (Apache),
168992,"Agave, cooked (Southwest)",
168993,"Agave, dried (Southwest)",
169814,"Agave, raw (Southwest)",
169823,"Agutuk, fish with shortening (Alaskan ice cream) (Alaska Native)",
168976,"Agutuk, fish/berry with seal oil (Alaskan ice cream) (Alaska Native)",
168977,"Agutuk, meat-caribou (Alaskan ice cream) (Alaska Native)",
168749,"Alcoholic beverage, beer, light",
169572,"Alcoholic beverage, beer, light, BUD LIGHT",
168748,"Alcoholic beverage, beer, light, BUDWEISER SELECT",
174145,"Alcoholic beverage, beer, light, higher alcohol",
169575,"Alcoholic beverage, beer, light, low carb",
168746,"Alcoholic beverage, beer, regular, all",
168747,"Alcoholic beverage, beer, regular, BUDWEISER",
173168,"Alcoholic beverage, creme de menthe, 72 proof",
169573,"Alcoholic beverage, daiquiri, canned",
169574,"Alcoholic beverage, daiquiri, prepared-from-recipe",
173664,"Alcoholic beverage, distilled, all (gin, rum, vodka, whiskey) 100 proof",
174815,"Alcoholic beverage, distilled, all (gin, rum, vodka, whiskey) 80 proof",
171919,"Alcoholic beverage, distilled, all (gin, rum, vodka, whiskey) 86 proof",
171920,"Alcoholic beverage, distilled, all (gin, rum, vodka, whiskey) 90 proof",
173663,"Alcoholic beverage, distilled, all (gin, rum, vodka, whiskey) 94 proof",
174817,"Alcoholic beverage, distilled, rum, 80 proof",
174818,"Alcoholic beverage, distilled, vodka, 80 proof",
174819,"Alcoholic beverage, distilled, whiskey, 86 proof",
175098,"Alcoholic beverage, liqueur, coffee with cream, 34 proof",
175097,"Alcoholic beverage, liqueur, coffee, 53 proof",
173665,"Alcoholic beverage, liqueur, coffee, 63 proof",
174141,"Alcoholic beverage, malt beer, hard lemonade",
168750,"Alcoholic beverage, pina colada, canned",
168752,"Alcoholic beverage, pina colada, prepared-from-recipe",
167723,"Alcoholic beverage, rice (sake)",
168753,"Alcoholic beverage, tequila sunrise, canned",
173662,"Alcoholic beverage, whiskey sour",
174810,"Alcoholic beverage, whiskey sour, canned",
174812,"Alcoholic beverage, whiskey sour, prepared from item 14028",
173164,"Alcoholic beverage, whiskey sour, prepared with water, whiskey and powder mix",
169070,"Alcoholic beverage, wine, cooking",
175112,"Alcoholic beverage, wine, dessert, dry",
173176,"Alcoholic beverage, wine, dessert, sweet",
169071,"Alcoholic beverage, wine, light",
173185,"Alcoholic beverage, wine, table, all",
173190,"Alcoholic beverage, wine, table, red",
173191,"Alcoholic Beverage, wine, table, red, Barbera",
173208,"Alcoholic Beverage, wine, table, red, Burgundy",
174834,"Alcoholic Beverage, wine, table, red, Cabernet Franc",
174833,"Alcoholic Beverage, wine, table, red, Cabernet Sauvignon",
174840,"Alcoholic Beverage, wine, table, red, Carignane",
173194,"Alcoholic Beverage, wine, table, red, Claret",
171872,"Alcoholic Beverage, wine, table, red, Gamay",
174838,"Alcoholic Beverage, wine, table, red, Lemberger",
171925,"Alcoholic Beverage, wine, table, red, Merlot",
174109,"Alcoholic Beverage, wine, table, red, Mouvedre",
173193,"Alcoholic Beverage, wine, table, red, Petite Sirah",
174835,"Alcoholic Beverage, wine, table, red, Pinot Noir",
174839,"Alcoholic Beverage, wine, table, red, Sangiovese",
174836,"Alcoholic Beverage, wine, table, red, Syrah",
173192,"Alcoholic Beverage, wine, table, red, Zinfandel",
174837,"Alcoholic beverage, wine, table, white",
174110,"Alcoholic beverage, wine, table, white, Chardonnay",
173195,"Alcoholic beverage, wine, table, white, Chenin Blanc",
173196,"Alcoholic beverage, wine, table, white, Fume Blanc",
174843,"Alcoholic beverage, wine, table, white, Gewurztraminer",
173202,"Alcoholic beverage, wine, table, white, late harvest",
174844,"Alcoholic beverage, wine, table, white, late harvest, Gewurztraminer",
173198,"Alcoholic beverage, wine, table, white, Muller Thurgau",
174849,"Alcoholic beverage, wine, table, white, Muscat",
174848,"Alcoholic beverage, wine, table, white, Pinot Blanc",
174841,"Alcoholic beverage, wine, table, white, Pinot Gris (Grigio)",
173200,"Alcoholic beverage, wine, table, white, Riesling",
173201,"Alcoholic beverage, wine, table, white, Sauvignon Blanc",
174845,"Alcoholic beverage, wine, table, white, Semillon",
171906,"Alcoholic beverages, beer, higher alcohol",
171908,"Alcoholic beverages, wine, rose",
168384,"Alfalfa seeds, sprouted, raw",
2262074,"Almond butter, creamy",
2257045,"Almond milk, unsweetened, plain, refrigerated",
1999631,"Almond milk, unsweetened, plain, shelf stable",
170683,"Amaranth grain, cooked",
170682,"Amaranth grain, uncooked",
168492,"Amaranth leaves, cooked, boiled, drained, with salt",
169202,"Amaranth leaves, cooked, boiled, drained, without salt",
168385,"Amaranth leaves, raw",
167590,"Andrea's, Gluten Free Soft Dinner Roll",
172345,"Animal fat, bacon grease",
167771,"Apple juice, canned or bottled, unsweetened, with added ascorbic acid",
167800,"Apple juice, canned or bottled, unsweetened, with added ascorbic acid, calcium, and potassium",
173933,"Apple juice, canned or bottled, unsweetened, without added ascorbic acid",
173935,"Apple juice, frozen concentrate, unsweetened, diluted with 3 volume water without added ascorbic acid",
167775,"Apple juice, frozen concentrate, unsweetened, diluted with 3 volume water, with added ascorbic acid",
168188,"Apple juice, frozen concentrate, unsweetened, undiluted, with added ascorbic acid",
173934,"Apple juice, frozen concentrate, unsweetened, undiluted, without added ascorbic acid",
2003590,"Apple juice, with added vitamin C, from concentrate, shelf stable",
169831,"APPLEBEE'S, 9 oz house sirloin steak",
169841,"APPLEBEE'S, chicken tenders platter",
169012,"APPLEBEE'S, chicken tenders, from kids' menu",
169018,"APPLEBEE'S, chili",
169020,"APPLEBEE'S, coleslaw",
169840,"APPLEBEE'S, crunchy onion rings",
169008,"APPLEBEE'S, Double Crunch Shrimp",
169017,"APPLEBEE'S, fish, hand battered",
169009,"APPLEBEE'S, french fries",
169010,"APPLEBEE'S, KRAFT, Macaroni & Cheese, from kid's menu",
169011,"APPLEBEE'S, mozzarella sticks",
173930,"Apples, canned, sweetened, sliced, drained, heated",
171690,"Apples, dehydrated (low moisture), sulfured, stewed",
173931,"Apples, dehydrated (low moisture), sulfured, uncooked",
171693,"Apples, dried, sulfured, stewed, with added sugar",
171692,"Apples, dried, sulfured, stewed, without added sugar",
171691,"Apples, dried, sulfured, uncooked",
173932,"Apples, frozen, unsweetened, heated (Includes foods for USDA's Food Distribution Program)",
171694,"Apples, frozen, unsweetened, unheated (Includes foods for USDA's Food Distribution Program)",
1750340,"Apples, fuji, with skin, raw",
1750341,"Apples, gala, with skin, raw",
1750342,"Apples, granny smith, with skin, raw",
1750343,"Apples, honeycrisp, with skin, raw",
167793,"Apples, raw, fuji, with skin (Includes foods for USDA's Food Distribution Program)",
168204,"Apples, raw, gala, with skin (Includes foods for USDA's Food Distribution Program)",
168202,"Apples, raw, golden delicious, with skin",
168203,"Apples, raw, granny smith, with skin (Includes foods for USDA's Food Distribution Program)",
168201,"Apples, raw, red delicious, with skin (Includes foods for USDA's Food Distribution Program)",
171688,"Apples, raw, with skin (Includes foods for USDA's Food Distribution Program)",
171689,"Apples, raw, without skin",
173928,"Apples, raw, without skin, cooked, boiled",
173929,"Apples, raw, without skin, cooked, microwave",
1750339,"Apples, red delicious, with skin, raw",
167773,"Applesauce, canned, sweetened, with salt",
171696,"Applesauce, canned, sweetened, without salt",
167772,"Applesauce, canned, unsweetened, with added ascorbic acid",
171695,"Applesauce, canned, unsweetened, without added ascorbic acid (Includes foods for USDA's Food Distribution Program)",
2346414,"Applesauce, unsweetened, with added vitamin C",
171704,"Apricot nectar, canned, with added ascorbic acid",
2710815,"Apricot, with skin, raw",
171701,"Apricots, canned, extra heavy syrup pack, without skin, solids and liquids",
173938,"Apricots, canned, extra light syrup pack, with skin, solids and liquids (Includes foods for USDA's Food Distribution Program)",
171699,"Apricots, canned, heavy syrup pack, with skin, solids and liquids",
171700,"Apricots, canned, heavy syrup pack, without skin, solids and liquids",
167768,"Apricots, canned, heavy syrup, drained",
173937,"Apricots, canned, juice pack, with skin, solids and liquids",
173939,"Apricots, canned, light syrup pack, with skin, solids and liquids",
171698,"Apricots, canned, water pack, with skin, solids and liquids",
173936,"Apricots, canned, water pack, without skin, solids and liquids",
173940,"Apricots, dehydrated (low-moisture), sulfured, stewed",
171702,"Apricots, dehydrated (low-moisture), sulfured, uncooked",
173943,"Apricots, dried, sulfured, stewed, with added sugar",
173942,"Apricots, dried, sulfured, stewed, without added sugar",
173941,"Apricots, dried, sulfured, uncooked",
171703,"Apricots, frozen, sweetened",
171697,"Apricots, raw",
170791,"ARBY'S, roast beef sandwich, classic",
175071,"Archway Home Style Cookies, Chocolate Chip Ice Box",
173245,"Archway Home Style Cookies, Coconut Macaroon",
173246,"Archway Home Style Cookies, Date Filled Oatmeal",
173247,"Archway Home Style Cookies, Dutch Cocoa",
173248,"Archway Home Style Cookies, Frosty Lemon",
173249,"Archway Home Style Cookies, Iced Molasses",
175072,"Archway Home Style Cookies, Iced Oatmeal",
175073,"Archway Home Style Cookies, Molasses",
175074,"Archway Home Style Cookies, Oatmeal",
175075,"Archway Home Style Cookies, Oatmeal Raisin",
173250,"Archway Home Style Cookies, Old Fashioned Molasses",
173251,"Archway Home Style Cookies, Old Fashioned Windmill Cookies",
173252,"Archway Home Style Cookies, Peanut Butter",
173253,"Archway Home Style Cookies, Raspberry Filled",
175077,"Archway Home Style Cookies, Reduced Fat Ginger Snaps",
175076,"Archway Home Style Cookies, Strawberry Filled",
175070,"Archway Home Style Cookies, Sugar Free Oatmeal",
168493,"Arrowhead, cooked, boiled, drained, with salt",
169204,"Arrowhead, cooked, boiled, drained, without salt",
169203,"Arrowhead, raw",
170684,Arrowroot flour,
168490,"Arrowroot, raw",
169311,"Artichokes, (globe or french), cooked, boiled, drained, with salt",
168386,"Artichokes, (globe or french), cooked, boiled, drained, without salt",
169312,"Artichokes, (globe or french), frozen, cooked, boiled, drained, with salt",
168388,"Artichokes, (globe or french), frozen, cooked, boiled, drained, without salt",
168387,"Artichokes, (globe or french), frozen, unprepared",
169205,"Artichokes, (globe or french), raw",
175078,"Artificial Blueberry Muffin Mix, dry",
2710822,"Arugula, baby, raw",
169387,"Arugula, raw",
168978,Ascidians (tunughnak) (Alaska Native),
169207,"Asparagus, canned, drained solids",
169314,"Asparagus, canned, no salt added, solids and liquids",
169206,"Asparagus, canned, regular pack, solids and liquids",
168390,"Asparagus, cooked, boiled, drained",
169313,"Asparagus, cooked, boiled, drained, with salt",
168494,"Asparagus, frozen, cooked, boiled, drained, with salt",
169209,"Asparagus, frozen, cooked, boiled, drained, without salt",
169208,"Asparagus, frozen, unprepared",
2710823,"Asparagus, green, raw",
168389,"Asparagus, raw",
2710824,"Avocado, Hass, peeled, raw",
171705,"Avocados, raw, all commercial varieties",
171706,"Avocados, raw, California",
171707,"Avocados, raw, Florida",
167690,"Babyfood, apple yogurt dessert, strained",
171351,"Babyfood, apple-banana juice",
173517,"Babyfood, apples with ham, strained",
173511,"Babyfood, apples, dices, toddler",
171001,"Babyfood, Baby MUM MUM Rice Biscuits",
169047,"Babyfood, baked product, finger snacks cereal fortified",
167733,"Babyfood, banana apple dessert, strained",
168090,"Babyfood, banana juice with low fat yogurt",
167732,"Babyfood, banana no tapioca, strained",
170999,"Babyfood, banana with mixed berries, strained",
173519,"Babyfood, beverage, GERBER, GRADUATES, FRUIT SPLASHERS",
173518,"Babyfood, carrots and beef, strained",
169871,"Babyfood, carrots, toddler",
171358,"Babyfood, cereal, barley, dry fortified",
172296,"Babyfood, cereal, barley, prepared with whole milk",
169048,"Babyfood, cereal, brown rice, dry, instant",
171366,"Babyfood, cereal, egg yolks and bacon, junior",
173528,"Babyfood, cereal, high protein, prepared with whole milk",
170973,"Babyfood, cereal, high protein, with apple and orange, dry",
173533,"Babyfood, cereal, high protein, with apple and orange, prepared with whole milk",
170964,"Babyfood, cereal, mixed, dry fortified",
173529,"Babyfood, cereal, mixed, prepared with whole milk",
170967,"Babyfood, cereal, mixed, with applesauce and bananas, junior, fortified",
170966,"Babyfood, cereal, mixed, with applesauce and bananas, strained",
170965,"Babyfood, cereal, mixed, with bananas, dry",
173530,"Babyfood, cereal, mixed, with bananas, prepared with whole milk",
173532,"Babyfood, cereal, mixed, with honey, prepared with whole milk",
171360,"Babyfood, cereal, oatmeal, dry fortified",
173509,"Babyfood, cereal, Oatmeal, dry, GERBER, SINGLE GRAIN, fortified",
173531,"Babyfood, cereal, oatmeal, prepared with whole milk",
171363,"Babyfood, cereal, oatmeal, with applesauce and bananas, junior, fortified",
171362,"Babyfood, cereal, oatmeal, with applesauce and bananas, strained",
171361,"Babyfood, cereal, oatmeal, with bananas, dry",
172297,"Babyfood, cereal, oatmeal, with bananas, prepared with whole milk",
170968,"Babyfood, cereal, oatmeal, with honey, dry",
172298,"Babyfood, cereal, oatmeal, with honey, prepared with whole milk",
167731,"Babyfood, cereal, rice with pears and apple, dry, instant fortified",
170969,"Babyfood, cereal, rice, dry fortified",
172299,"Babyfood, cereal, rice, prepared with whole milk",
170970,"Babyfood, cereal, rice, with applesauce and bananas, strained",
170974,"Babyfood, cereal, rice, with bananas, dry",
173534,"Babyfood, cereal, rice, with bananas, prepared with whole milk",
172300,"Babyfood, cereal, rice, with honey, prepared with whole milk",
171359,"Babyfood, cereal, whole wheat, with apples, dry fortified",
171364,"Babyfood, cereal, with egg yolks, junior",
170971,"Babyfood, cereal, with egg yolks, strained",
171365,"Babyfood, cereal, with eggs, strained",
170978,"Babyfood, cherry cobbler, junior",
171368,"Babyfood, cookie, baby, fruit",
170975,"Babyfood, cookies",
171369,"Babyfood, cookies, arrowroot",
172317,"Babyfood, corn and sweet potatoes, strained",
170972,"Babyfood, crackers, vegetable",
169872,"Babyfood, dessert, banana pudding, strained",
168135,"Babyfood, dessert, banana yogurt, strained",
168134,"Babyfood, dessert, blueberry yogurt, strained",
171373,"Babyfood, dessert, cherry vanilla pudding, junior",
170979,"Babyfood, dessert, cherry vanilla pudding, strained",
171380,"Babyfood, dessert, custard pudding, vanilla, junior",
171379,"Babyfood, dessert, custard pudding, vanilla, strained",
170977,"Babyfood, dessert, dutch apple, junior",
170976,"Babyfood, dessert, dutch apple, strained",
171377,"Babyfood, dessert, fruit dessert, without ascorbic acid, junior",
170983,"Babyfood, dessert, fruit dessert, without ascorbic acid, strained",
171374,"Babyfood, dessert, fruit pudding, orange, strained",
170982,"Babyfood, dessert, fruit pudding, pineapple, strained",
171376,"Babyfood, dessert, peach cobbler, junior",
171375,"Babyfood, dessert, peach cobbler, strained",
170981,"Babyfood, dessert, peach melba, junior",
170980,"Babyfood, dessert, peach melba, strained",
168133,"Babyfood, dessert, peach yogurt",
171378,"Babyfood, dessert, tropical fruit, junior",
172287,"Babyfood, dinner, apples and chicken, strained",
172260,"Babyfood, dinner, beef and rice, toddler",
173489,"Babyfood, dinner, beef lasagna, toddler",
173516,"Babyfood, dinner, beef noodle, junior",
172258,"Babyfood, dinner, beef noodle, strained",
172261,"Babyfood, dinner, beef with vegetables",
172288,"Babyfood, dinner, broccoli and chicken, junior",
169054,"Babyfood, dinner, chicken and rice",
172264,"Babyfood, dinner, chicken noodle, junior",
172263,"Babyfood, dinner, chicken noodle, strained",
173496,"Babyfood, dinner, chicken soup, strained",
173497,"Babyfood, dinner, chicken stew, toddler",
172270,"Babyfood, dinner, macaroni and cheese, junior",
173503,"Babyfood, dinner, macaroni and cheese, strained",
173491,"Babyfood, dinner, macaroni and tomato and beef, junior",
173490,"Babyfood, dinner, macaroni and tomato and beef, strained",
168125,"Babyfood, dinner, macaroni, beef and tomato sauce, toddler",
172281,"Babyfood, dinner, mixed vegetable, junior",
173514,"Babyfood, dinner, mixed vegetable, strained",
172266,"Babyfood, dinner, pasta with vegetables",
173492,"Babyfood, dinner, spaghetti and tomato and meat, junior",
173493,"Babyfood, dinner, spaghetti and tomato and meat, toddler",
173521,"Babyfood, dinner, sweet potatoes and chicken, strained",
173500,"Babyfood, dinner, turkey and rice, junior",
172269,"Babyfood, dinner, turkey and rice, strained",
172286,"Babyfood, dinner, turkey, rice, and vegetables, toddler",
173495,"Babyfood, dinner, vegetables and beef, junior",
173494,"Babyfood, dinner, vegetables and beef, strained",
173513,"Babyfood, dinner, vegetables and chicken, junior",
173488,"Babyfood, dinner, vegetables and dumplings and beef, junior",
172256,"Babyfood, dinner, vegetables and dumplings and beef, strained",
172262,"Babyfood, dinner, vegetables and lamb, junior",
172268,"Babyfood, dinner, vegetables and noodles and turkey, junior",
172267,"Babyfood, dinner, vegetables and noodles and turkey, strained",
173502,"Babyfood, dinner, vegetables and turkey, junior",
173501,"Babyfood, dinner, vegetables and turkey, strained",
173498,"Babyfood, dinner, vegetables chicken, strained",
172265,"Babyfood, dinner, vegetables, noodles and chicken, junior",
173499,"Babyfood, dinner, vegetables, noodles and chicken, strained",
172252,"Babyfood, finger snacks, GERBER, GRADUATES, PUFFS, apple and cinnamon",
171388,"Babyfood, fortified cereal bar, fruit filling",
170952,"Babyfood, fruit and vegetable, apple and sweet potato",
171341,"Babyfood, fruit dessert, mango with tapioca",
168140,"Babyfood, fruit supreme dessert",
170958,"Babyfood, fruit, apple and blueberry, junior",
170957,"Babyfood, fruit, apple and blueberry, strained",
171346,"Babyfood, fruit, apple and raspberry, junior",
171345,"Babyfood, fruit, apple and raspberry, strained",
170948,"Babyfood, fruit, applesauce and apricots, junior",
170947,"Babyfood, fruit, applesauce and apricots, strained",
170950,"Babyfood, fruit, applesauce and cherries, junior",
170949,"Babyfood, fruit, applesauce and cherries, strained",
171344,"Babyfood, fruit, applesauce and pineapple, junior",
171343,"Babyfood, fruit, applesauce and pineapple, strained",
170951,"Babyfood, fruit, applesauce with banana, junior",
172278,"Babyfood, fruit, applesauce, junior",
173512,"Babyfood, fruit, applesauce, strained",
170942,"Babyfood, fruit, apricot with tapioca, junior",
172279,"Babyfood, fruit, apricot with tapioca, strained",
170998,"Babyfood, fruit, banana and strawberry, junior",
170953,"Babyfood, fruit, bananas and pineapple with tapioca, junior",
170954,"Babyfood, fruit, bananas and pineapple with tapioca, strained",
170956,"Babyfood, fruit, bananas with apples and pears, strained",
172282,"Babyfood, fruit, bananas with tapioca, junior",
171335,"Babyfood, fruit, bananas with tapioca, strained",
171348,"Babyfood, fruit, guava and papaya with tapioca, strained",
171350,"Babyfood, fruit, papaya and applesauce with tapioca, strained",
171337,"Babyfood, fruit, peaches, junior",
171336,"Babyfood, fruit, peaches, strained",
171347,"Babyfood, fruit, pears and pineapple, junior",
170955,"Babyfood, fruit, pears and pineapple, strained",
170943,"Babyfood, fruit, pears, junior",
171338,"Babyfood, fruit, pears, strained",
170945,"Babyfood, fruit, plums with tapioca, without ascorbic acid, junior",
170944,"Babyfood, fruit, plums with tapioca, without ascorbic acid, strained",
171339,"Babyfood, fruit, prunes with tapioca, without ascorbic acid, junior",
170946,"Babyfood, fruit, prunes with tapioca, without ascorbic acid, strained",
169874,"Babyfood, fruit, tutti frutti, junior",
169873,"Babyfood, fruit, tutti frutti, strained",
173487,"Babyfood, GERBER, 2nd Foods, apple, carrot and squash, organic",
172254,"Babyfood, GERBER, 3rd Foods, apple, mango and kiwi",
169792,"Babyfood, GERBER, Banana with orange medley",
171371,"Babyfood, GERBER, GRADUATES Lil Biscuits Vanilla Wheat",
168144,"Babyfood, grape juice, no sugar, canned",
169049,"Babyfood, green beans and turkey, strained",
172273,"Babyfood, green beans, dices, toddler",
173478,"Babyfood, juice treats, fruit medley, toddler",
170959,"Babyfood, juice, apple",
167729,"Babyfood, juice, apple - cherry",
171381,"Babyfood, juice, apple and grape",
171352,"Babyfood, juice, apple and peach",
171353,"Babyfood, juice, apple and prune",
170985,"Babyfood, juice, apple, with calcium",
169042,"Babyfood, juice, apple-sweet potato",
170984,"Babyfood, juice, fruit punch, with calcium",
171357,"Babyfood, juice, mixed fruit",
171354,"Babyfood, juice, orange",
171355,"Babyfood, juice, orange and apple",
170960,"Babyfood, juice, orange and apple and banana",
170961,"Babyfood, juice, orange and apricot",
170962,"Babyfood, juice, orange and banana",
170963,"Babyfood, juice, orange and pineapple",
169043,"Babyfood, juice, orange-carrot",
167718,"Babyfood, juice, pear",
171356,"Babyfood, juice, prune and orange",
172259,"Babyfood, macaroni and cheese, toddler",
170989,"Babyfood, mashed cheddar potatoes and broccoli, toddlers",
167720,"Babyfood, meat, beef with vegetables, toddler",
172244,"Babyfood, meat, beef, junior",
173479,"Babyfood, meat, beef, strained",
172249,"Babyfood, meat, chicken sticks, junior",
172248,"Babyfood, meat, chicken, junior",
173483,"Babyfood, meat, chicken, strained",
173480,"Babyfood, meat, ham, junior",
172247,"Babyfood, meat, ham, strained",
173482,"Babyfood, meat, lamb, junior",
173481,"Babyfood, meat, lamb, strained",
173486,"Babyfood, meat, meat sticks, junior",
172246,"Babyfood, meat, pork, strained",
173484,"Babyfood, meat, turkey sticks, junior",
172251,"Babyfood, meat, turkey, junior",
172250,"Babyfood, meat, turkey, strained",
172245,"Babyfood, meat, veal, strained",
168091,"Babyfood, mixed fruit juice with low fat yogurt",
167726,"Babyfood, mixed fruit yogurt, strained",
171000,"Babyfood, Multigrain whole grain cereal, dry fortified",
171367,"Babyfood, oatmeal cereal with fruit, dry, instant, toddler fortified",
171349,"Babyfood, peaches, dices, toddler",
171342,"Babyfood, pears, dices, toddler",
169865,"Babyfood, peas and brown rice",
170940,"Babyfood, peas, dices, toddler",
172285,"Babyfood, plums, bananas and rice, strained",
173508,"Babyfood, potatoes, toddler",
171370,"Babyfood, pretzels",
171340,"Babyfood, prunes, without vitamin c, strained",
172257,"Babyfood, ravioli, cheese filled, with tomato sauce",
167728,"Babyfood, rice and apples, dry",
168975,"Babyfood, rice cereal, dry, EARTHS BEST ORGANIC WHOLE GRAIN, fortified only with iron",
173485,"Babyfood, snack, GERBER GRADUATE FRUIT  STRIPS, Real Fruit Bars",
171398,"Babyfood, Snack, GERBER, GRADUATES, LIL CRUNCHIES, baked whole grain corn snack",
173520,"Babyfood, snack, GERBER, GRADUATES, YOGURT MELTS",
172255,"Babyfood, tropical fruit medley",
169864,"Babyfood, vegetable and brown rice, strained",
173510,"Babyfood, vegetable, butternut squash and corn",
173504,"Babyfood, vegetable, green beans and potatoes",
173505,"Babyfood, vegetables, beets, strained",
173507,"Babyfood, vegetables, carrots, junior",
173506,"Babyfood, vegetables, carrots, strained",
171334,"Babyfood, vegetables, corn, creamed, junior",
172280,"Babyfood, vegetables, corn, creamed, strained",
172284,"Babyfood, vegetables, garden vegetable, strained",
172272,"Babyfood, vegetables, green beans, junior",
172271,"Babyfood, vegetables, green beans, strained",
172283,"Babyfood, vegetables, mix vegetables junior",
173515,"Babyfood, vegetables, mix vegetables strained",
170939,"Babyfood, vegetables, peas, strained",
170941,"Babyfood, vegetables, spinach, creamed, strained",
172275,"Babyfood, vegetables, squash, junior",
172274,"Babyfood, vegetables, squash, strained",
172276,"Babyfood, vegetables, sweet potatoes strained",
172277,"Babyfood, vegetables, sweet potatoes, junior",
172253,"Babyfood, water, bottled, GERBER, without added fluoride",
170987,"Babyfood, yogurt, whole milk, with fruit, multigrain cereal and added DHA fortified",
170990,"Babyfood, yogurt, whole milk, with fruit, multigrain cereal and added iron fortified",
174602,Bacon and beef sticks,
169893,"Bacon bits, meatless",
172439,"Bacon, meatless",
168382,"Bacon, pre-sliced, reduced/low sodium, unprepared",
171640,"Bacon, turkey, low sodium",
171639,"Bacon, turkey, microwaved",
174592,"Bacon, turkey, unprepared",
172664,"Bagels, cinnamon-raisin",
172665,"Bagels, cinnamon-raisin, toasted",
174901,"Bagels, egg",
171852,"Bagels, multigrain",
172666,"Bagels, oat bran",
174899,"Bagels, plain, enriched, with calcium propionate (includes onion, poppy, sesame)",
174900,"Bagels, plain, enriched, with calcium propionate (includes onion, poppy, sesame), toasted",
175049,"Bagels, plain, enriched, without calcium propionate (includes onion, poppy, sesame)",
175050,"Bagels, plain, unenriched, with calcium propionate (includes onion, poppy, sesame)",
175051,"Bagels, plain, unenriched, without calcium propionate(includes onion, poppy, sesame)",
167533,"Bagels, wheat",
174092,"Bagels, whole grain white",
169584,"Baking chocolate, MARS SNACKFOOD US, M&M's Milk Chocolate Mini Baking Bits",
169581,"Baking chocolate, MARS SNACKFOOD US, M&M's Semisweet Chocolate Mini Baking Bits",
167999,"Baking chocolate, mexican, squares",
167567,"Baking chocolate, unsweetened, liquid",
167568,"Baking chocolate, unsweetened, squares",
168495,"Balsam-pear (bitter gourd), leafy tips, cooked, boiled, drained, with salt",
168392,"Balsam-pear (bitter gourd), leafy tips, cooked, boiled, drained, without salt",
168391,"Balsam-pear (bitter gourd), leafy tips, raw",
168496,"Balsam-pear (bitter gourd), pods, cooked, boiled, drained, with salt",
168394,"Balsam-pear (bitter gourd), pods, cooked, boiled, drained, without salt",
168393,"Balsam-pear (bitter gourd), pods, raw",
169212,"Bamboo shoots, canned, drained solids",
168497,"Bamboo shoots, cooked, boiled, drained, with salt",
169211,"Bamboo shoots, cooked, boiled, drained, without salt",
169210,"Bamboo shoots, raw",
173945,"Bananas, dehydrated, or banana powder",
1105073,"Bananas, overripe, raw",
173944,"Bananas, raw",
1105314,"Bananas, ripe and slightly ripe, raw",
169783,"BANQUET, Salisbury Steak With Gravy, family size, frozen, unprepared",
167806,Baobab powder,
171601,"Barbecue loaf, pork, beef",
169739,Barley flour or meal,
169740,Barley malt flour,
170283,"Barley, hulled",
170285,"Barley, pearled, cooked",
170284,"Barley, pearled, raw",
172232,"Basil, fresh",
173789,"Beans, adzuki, mature seed, cooked, boiled, with salt",
173729,"Beans, adzuki, mature seeds, canned, sweetened",
173728,"Beans, adzuki, mature seeds, cooked, boiled, without salt",
173727,"Beans, adzuki, mature seeds, raw",
168128,"Beans, baked, canned, no salt added",
175182,"Beans, baked, canned, plain or vegetarian",
175183,"Beans, baked, canned, with beef",
175184,"Beans, baked, canned, with franks",
175185,"Beans, baked, canned, with pork",
173732,"Beans, baked, canned, with pork and sweet sauce",
173733,"Beans, baked, canned, with pork and tomato sauce",
173731,"Beans, baked, home prepared",
175188,"Beans, black turtle, mature seeds, canned",
175239,"Beans, black turtle, mature seeds, cooked, boiled, with salt",
175187,"Beans, black turtle, mature seeds, cooked, boiled, without salt",
175186,"Beans, black turtle, mature seeds, raw",
2644285,"Beans, black, canned, sodium added, drained and rinsed",
175238,"Beans, black, mature seeds, canned, low sodium",
175237,"Beans, black, mature seeds, cooked, boiled, with salt",
173735,"Beans, black, mature seeds, cooked, boiled, without salt",
173734,"Beans, black, mature seeds, raw",
2644287,"Beans, cannellini, canned, sodium added, drained and rinsed",
2644281,"Beans, cannellini, dry",
169065,"Beans, chili, barbecue, ranch style, cooked",
173737,"Beans, cranberry (roman), mature seeds, canned",
175240,"Beans, cranberry (roman), mature seeds, cooked, boiled, with salt",
173736,"Beans, cranberry (roman), mature seeds, cooked, boiled, without salt",
175189,"Beans, cranberry (roman), mature seeds, raw",
747444,"Beans, Dry, Black (0% moisture)",
747433,"Beans, Dry, Brown (0% moisture)",
747436,"Beans, Dry, Carioca (0% moisture)",
747437,"Beans, Dry, Cranberry (0% moisture)",
747440,"Beans, Dry, Dark Red Kidney (0% moisture)",
747432,"Beans, Dry, Flor de Mayo (0% moisture)",
747446,"Beans, Dry, Great Northern (0% moisture)",
747438,"Beans, Dry, Light Red Kidney (0% moisture)",
747435,"Beans, Dry, Light Tan (0% moisture)",
747430,"Beans, Dry, Medium Red (0% moisture)",
747441,"Beans, Dry, Navy (0% moisture)",
747439,"Beans, Dry, Pink (0% moisture)",
747445,"Beans, Dry, Pinto (0% moisture)",
747431,"Beans, Dry, Red (0% moisture)",
747443,"Beans, Dry, Small Red (0% moisture)",
747442,"Beans, Dry, Small White (0% moisture)",
747434,"Beans, Dry, Tan (0% moisture)",
168574,"Beans, fava, in pod, raw",
175241,"Beans, french, mature seeds, cooked, boiled, with salt",
173739,"Beans, french, mature seeds, cooked, boiled, without salt",
173738,"Beans, french, mature seeds, raw",
2644294,"Beans, great northern, canned, sodium added, drained and rinsed",
175192,"Beans, great northern, mature seeds, canned",
173791,"Beans, great northern, mature seeds, canned, low sodium",
173790,"Beans, great northern, mature seeds, cooked, boiled, with salt",
175191,"Beans, great northern, mature seeds, cooked, boiled, without salt",
175190,"Beans, great northern, mature seeds, raw (Includes foods for USDA's Food Distribution Program)",
173741,"Beans, kidney, all types, mature seeds, canned",
173792,"Beans, kidney, all types, mature seeds, cooked, boiled, with salt",
173740,"Beans, kidney, all types, mature seeds, cooked, boiled, without salt",
175193,"Beans, kidney, all types, mature seeds, raw",
173793,"Beans, kidney, california red, mature seeds, cooked, boiled, with salt",
173743,"Beans, kidney, california red, mature seeds, cooked, boiled, without salt",
173742,"Beans, kidney, california red, mature seeds, raw",
2644289,"Beans, kidney, dark red, canned, sodium added, sugar added, drained and rinsed",
2644290,"Beans, kidney, light red, canned, sodium added, sugar added, drained and rinsed",
169315,"Beans, kidney, mature seeds, sprouted, cooked, boiled, drained, with salt",
168395,"Beans, kidney, mature seeds, sprouted, cooked, boiled, drained, without salt",
169213,"Beans, kidney, mature seeds, sprouted, raw",
174285,"Beans, kidney, red, mature seeds, canned, drained solids",
175243,"Beans, kidney, red, mature seeds, canned, drained solids, rinsed in tap water",
175245,"Beans, kidney, red, mature seeds, canned, solids and liquid, low sodium",
175195,"Beans, kidney, red, mature seeds, canned, solids and liquids",
175242,"Beans, kidney, red, mature seeds, cooked, boiled, with salt",
175194,"Beans, kidney, red, mature seeds, cooked, boiled, without salt",
173744,"Beans, kidney, red, mature seeds, raw",
175244,"Beans, kidney, royal red, mature seeds, cooked, boiled with salt",
175197,"Beans, kidney, royal red, mature seeds, cooked, boiled, without salt",
175196,"Beans, kidney, royal red, mature seeds, raw",
169885,"Beans, liquid from stewed kidney beans",
170079,"Beans, mung, mature seeds, sprouted, canned, drained solids",
2644286,"Beans, navy, canned, sodium added, drained and rinsed",
173747,"Beans, navy, mature seeds, canned",
173794,"Beans, navy, mature seeds, cooked, boiled, with salt",
173746,"Beans, navy, mature seeds, cooked, boiled, without salt",
173745,"Beans, navy, mature seeds, raw",
168500,"Beans, navy, mature seeds, sprouted, cooked, boiled, drained, with salt",
169140,"Beans, navy, mature seeds, sprouted, cooked, boiled, drained, without salt",
169139,"Beans, navy, mature seeds, sprouted, raw",
173795,"Beans, pink, mature seeds, cooked, boiled, with salt",
175198,"Beans, pink, mature seeds, cooked, boiled, without salt",
173748,"Beans, pink, mature seeds, raw",
174286,"Beans, pinto, canned, drained solids",
2644292,"Beans, pinto, canned, sodium added, drained and rinsed",
168501,"Beans, pinto, immature seeds, frozen, cooked, boiled, drained, with salt",
169959,"Beans, pinto, immature seeds, frozen, cooked, boiled, drained, without salt",
169958,"Beans, pinto, immature seeds, frozen, unprepared",
173797,"Beans, pinto, mature seeds, canned, drained solids, rinsed in tap water",
175201,"Beans, pinto, mature seeds, canned, solids and liquids",
175247,"Beans, pinto, mature seeds, canned, solids and liquids, low sodium",
173796,"Beans, pinto, mature seeds, cooked, boiled, with salt",
175200,"Beans, pinto, mature seeds, cooked, boiled, without salt",
175199,"Beans, pinto, mature seeds, raw (Includes foods for USDA's Food Distribution Program)",
169319,"Beans, pinto, mature seeds, sprouted, cooked, boiled, drained, with salt",
170087,"Beans, pinto, mature seeds, sprouted, cooked, boiled, drained, without salt",
170086,"Beans, pinto, mature seeds, sprouted, raw",
169960,"Beans, shellie, canned, solids and liquids",
175246,"Beans, small white, mature seeds, cooked, boiled, with salt",
173750,"Beans, small white, mature seeds, cooked, boiled, without salt",
173749,"Beans, small white, mature seeds, raw",
169144,"Beans, snap, canned, all styles, seasoned, solids and liquids",
168505,"Beans, snap, green, canned, no salt added, drained solids",
168502,"Beans, snap, green, canned, no salt added, solids and liquids",
321611,"Beans, snap, green, canned, regular pack, drained solids",
169143,"Beans, snap, green, canned, regular pack, drained solids",
169142,"Beans, snap, green, canned, regular pack, solids and liquids",
169321,"Beans, snap, green, cooked, boiled, drained, with salt",
169141,"Beans, snap, green, cooked, boiled, drained, without salt",
169964,"Beans, snap, green, frozen, all styles, microwaved",
169962,"Beans, snap, green, frozen, all styles, unprepared (Includes foods for USDA's Food Distribution Program)",
169963,"Beans, snap, green, frozen, cooked, boiled, drained without salt",
169325,"Beans, snap, green, frozen, cooked, boiled, drained, with salt",
169965,"Beans, snap, green, microwaved",
2346400,"Beans, snap, green, raw",
169961,"Beans, snap, green, raw",
169375,"Beans, snap, yellow, canned, no salt added, drained solids",
168504,"Beans, snap, yellow, canned, no salt added, solids and liquids",
169374,"Beans, snap, yellow, canned, regular pack, drained solids",
168503,"Beans, snap, yellow, canned, regular pack, solids and liquids",
169323,"Beans, snap, yellow, cooked, boiled, drained, with salt",
169322,"Beans, snap, yellow, cooked, boiled, drained, without salt",
169324,"Beans, snap, yellow, frozen, all styles, unprepared",
169327,"Beans, snap, yellow, frozen, cooked, boiled, drained, with salt",
169326,"Beans, snap, yellow, frozen, cooked, boiled, drained, without salt",
169320,"Beans, snap, yellow, raw",
175204,"Beans, white, mature seeds, canned",
175249,"Beans, white, mature seeds, cooked, boiled, with salt",
175203,"Beans, white, mature seeds, cooked, boiled, without salt",
175202,"Beans, white, mature seeds, raw",
175248,"Beans, yellow, mature seeds, cooked, boiled, with salt",
173752,"Beans, yellow, mature seeds, cooked, boiled, without salt",
173751,"Beans, yellow, mature seeds, raw",
169793,"Bear, black, meat (Alaska Native)",
169794,"Bear, polar, meat, raw (Alaska Native)",
174013,"Beef composite, separable lean only, trimmed to 1/8"" fat, choice, cooked",
172090,"Beef macaroni with tomato sauce, frozen entree, reduced fat",
172093,"Beef Pot Pie, frozen entree, prepared",
173330,"Beef stew, canned entree",
171728,"Beef, Australian, imported, grass-fed,  external fat, raw",
173068,"Beef, Australian, imported, grass-fed, ground, 85% lean / 15% fat, raw",
173969,"Beef, Australian, imported, grass-fed, loin, tenderloin steak/roast, boneless, separable lean and fat, raw",
173965,"Beef, Australian, imported, grass-fed, loin, tenderloin steak/roast, boneless, separable lean only, raw",
171733,"Beef, Australian, imported, grass-fed, loin, top loin steak/roast, boneless, separable lean and fat, raw",
173970,"Beef, Australian, imported, grass-fed, loin, top loin steak/roast, boneless, separable lean only, raw",
171739,"Beef, Australian, imported, grass-fed, loin, top sirloin cap-off steak/roast, boneless, separable lean and fat, raw",
171734,"Beef, Australian, imported, grass-fed, loin, top sirloin cap-off steak/roast, boneless, separable lean only, raw",
173975,"Beef, Australian, imported, grass-fed, rib, ribeye steak/roast lip-on, boneless, separable lean and fat, raw",
171735,"Beef, Australian, imported, grass-fed, rib, ribeye steak/roast lip-on, boneless, separable lean only, raw",
173976,"Beef, Australian, imported, grass-fed, round, bottom round steak/roast, boneless, separable lean and fat, raw",
173971,"Beef, Australian, imported, grass-fed, round, bottom round steak/roast, boneless, separable lean only, raw",
173977,"Beef, Australian, imported, grass-fed, round, top round cap-off steak/roast, boneless, separable lean and fat, raw",
173972,"Beef, Australian, imported, grass-fed, round, top round cap-off steak/roast, boneless, separable lean only, raw",
171729,"Beef, Australian, imported, grass-fed, seam fat, raw",
171730,"Beef, Australian, imported, Wagyu, external fat, Aust. marble score 4/5, raw",
173967,"Beef, Australian, imported, Wagyu, external fat, Aust. marble score 9, raw",
171732,"Beef, Australian, imported, Wagyu, loin, tenderloin steak/roast, boneless, separable lean and fat, Aust. marble score 4/5, raw",
171742,"Beef, Australian, imported, Wagyu, loin, tenderloin steak/roast, boneless, separable lean and fat, Aust. marble score 9, raw",
173966,"Beef, Australian, imported, Wagyu, loin, tenderloin steak/roast, boneless, separable lean only, Aust. marble score 4/5, raw",
173973,"Beef, Australian, imported, Wagyu, loin, tenderloin steak/roast, boneless, separable lean only, Aust. marble score 9, raw",
173978,"Beef, Australian, imported, Wagyu, loin, top loin steak/roast, boneless, separable lean and fat, Aust. marble score 4/5, raw",
173974,"Beef, Australian, imported, Wagyu, loin, top loin steak/roast, boneless, separable lean only, Aust. marble score 4/5, raw",
171736,"Beef, Australian, imported, Wagyu, loin, top loin steak/roast, boneless, separable lean only, Aust. marble score 9, raw",
173979,"Beef, Australian, imported, Wagyu, loin, top loin steak/roast, separable lean and fat, Aust. marble score 9, raw",
171740,"Beef, Australian, imported, Wagyu, rib, small end rib steak/roast, boneless, separable lean and fat, Aust. marble score 4/5, raw",
171741,"Beef, Australian, imported, Wagyu, rib, small end rib steak/roast, boneless, separable lean and fat, Aust. marble score 9, raw",
171737,"Beef, Australian, imported, Wagyu, rib, small end rib steak/roast, boneless, separable lean only, Aust. marble score 4/5, raw",
171738,"Beef, Australian, imported, Wagyu, rib, small end rib steak/roast, boneless, separable lean only, Aust. marble score 9, raw",
171731,"Beef, Australian, imported, Wagyu, seam fat, Aust. marble score 4/5, raw",
173968,"Beef, Australian, imported, Wagyu, seam fat, Aust. marble score 9, raw",
168118,"Beef, bologna, reduced sodium",
169558,"Beef, bottom sirloin, tri-tip roast, separable lean and fat, trimmed to 0"" fat, all grades, cooked, roasted",
168734,"Beef, bottom sirloin, tri-tip roast, separable lean and fat, trimmed to 0"" fat, all grades, raw",
168735,"Beef, bottom sirloin, tri-tip roast, separable lean and fat, trimmed to 0"" fat, choice, cooked, roasted",
168736,"Beef, bottom sirloin, tri-tip roast, separable lean and fat, trimmed to 0"" fat, choice, raw",
168737,"Beef, bottom sirloin, tri-tip roast, separable lean and fat, trimmed to 0"" fat, select, cooked, roasted",
169559,"Beef, bottom sirloin, tri-tip roast, separable lean and fat, trimmed to 0"" fat, select, raw",
174770,"Beef, bottom sirloin, tri-tip roast, separable lean only, trimmed to 0"" fat, all grades, raw",
174771,"Beef, bottom sirloin, tri-tip roast, separable lean only, trimmed to 0"" fat, choice, cooked, roasted",
174772,"Beef, bottom sirloin, tri-tip roast, separable lean only, trimmed to 0"" fat, choice, raw",
174773,"Beef, bottom sirloin, tri-tip roast, separable lean only, trimmed to 0"" fat, select, cooked, roasted",
173124,"Beef, bottom sirloin, tri-tip roast, separable lean only, trimmed to 0"" fat, select, raw",
168656,"Beef, brisket, flat half, boneless separable lean only, trimmed to 0"" fat, all grades, raw",
168714,"Beef, brisket, flat half, boneless, separable lean and fat, trimmed to 0"" fat, all grades, raw",
168743,"Beef, brisket, flat half, boneless, separable lean and fat, trimmed to 0"" fat, choice, raw",
169570,"Beef, brisket, flat half, boneless, separable lean and fat, trimmed to 0"" fat, select, raw",
168657,"Beef, brisket, flat half, boneless, separable lean only, trimmed to 0"" fat, choice, raw",
168658,"Beef, brisket, flat half, boneless, separable lean only, trimmed to 0"" fat, select, raw",
170613,"Beef, brisket, flat half, separable lean and fat, trimmed to 0"" fat, all grades, cooked, braised",
169440,"Beef, brisket, flat half, separable lean and fat, trimmed to 0"" fat, choice, cooked, braised",
169555,"Beef, brisket, flat half, separable lean and fat, trimmed to 0"" fat, select, cooked, braised",
169488,"Beef, brisket, flat half, separable lean and fat, trimmed to 1/8"" fat, all grades, cooked, braised",
168666,"Beef, brisket, flat half, separable lean and fat, trimmed to 1/8"" fat, all grades, raw",
173130,"Beef, brisket, flat half, separable lean and fat, trimmed to 1/8"" fat, choice, cooked, braised",
173128,"Beef, brisket, flat half, separable lean and fat, trimmed to 1/8"" fat, choice, raw",
169432,"Beef, brisket, flat half, separable lean and fat, trimmed to 1/8"" fat, select, cooked, braised",
173129,"Beef, brisket, flat half, separable lean and fat, trimmed to 1/8"" fat, select, raw",
170210,"Beef, brisket, flat half, separable lean only, trimmed to 0"" fat, all grades, cooked, braised",
170601,"Beef, brisket, flat half, separable lean only, trimmed to 0"" fat, choice, cooked, braised",
169469,"Beef, brisket, flat half, separable lean only, trimmed to 0"" fat, select, cooked, braised",
174047,"Beef, brisket, flat half, separable lean only, trimmed to 1/8"" fat, all grades, cooked, braised",
174048,"Beef, brisket, flat half, separable lean only, trimmed to 1/8"" fat, all grades, raw",
171818,"Beef, brisket, flat half, separable lean only, trimmed to 1/8"" fat, choice, cooked, braised",
174057,"Beef, brisket, flat half, separable lean only, trimmed to 1/8"" fat, choice, raw",
174768,"Beef, brisket, flat half, separable lean only, trimmed to 1/8"" fat, select, cooked, braised",
174766,"Beef, brisket, flat half, separable lean only, trimmed to 1/8"" fat, select, raw",
170211,"Beef, brisket, point half, separable lean and fat, trimmed to 0"" fat, all grades, cooked, braised",
169490,"Beef, brisket, point half, separable lean and fat, trimmed to 1/8"" fat, all grades, cooked, braised",
169489,"Beef, brisket, point half, separable lean and fat, trimmed to 1/8"" fat, all grades, raw",
170212,"Beef, brisket, point half, separable lean only, trimmed to 0"" fat, all grades, cooked, braised",
170611,"Beef, brisket, whole, separable lean and fat, trimmed to 0"" fat, all grades, cooked, braised",
168665,"Beef, brisket, whole, separable lean and fat, trimmed to 1/8"" fat, all grades, cooked, braised",
168664,"Beef, brisket, whole, separable lean and fat, trimmed to 1/8"" fat, all grades, raw",
168607,"Beef, brisket, whole, separable lean only, all grades, raw",
170612,"Beef, brisket, whole, separable lean only, trimmed to 0"" fat, all grades, cooked, braised",
169430,"Beef, carcass, separable lean and fat, choice, raw",
169431,"Beef, carcass, separable lean and fat, select, raw",
170607,"Beef, chopped, cured, smoked",
171227,"Beef, chuck eye Country-Style ribs, boneless, separable lean and fat, trimmed to 0"" fat, all grades, cooked, braised",
170831,"Beef, chuck eye Country-Style ribs, boneless, separable lean and fat, trimmed to 0"" fat, all grades, raw",
170829,"Beef, chuck eye Country-Style ribs, boneless, separable lean and fat, trimmed to 0"" fat, choice, cooked, braised",
170832,"Beef, chuck eye Country-Style ribs, boneless, separable lean and fat, trimmed to 0"" fat, choice, raw",
170830,"Beef, chuck eye Country-Style ribs, boneless, separable lean and fat, trimmed to 0"" fat, select, cooked, braised",
170833,"Beef, chuck eye Country-Style ribs, boneless, separable lean and fat, trimmed to 0"" fat, select, raw",
170799,"Beef, chuck eye Country-Style ribs, boneless, separable lean only, trimmed to 0"" fat, all grades, cooked, braised",
171195,"Beef, chuck eye Country-Style ribs, boneless, separable lean only, trimmed to 0"" fat, all grades, raw",
170797,"Beef, chuck eye Country-Style ribs, boneless, separable lean only, trimmed to 0"" fat, choice, cooked, braised",
170800,"Beef, chuck eye Country-Style ribs, boneless, separable lean only, trimmed to 0"" fat, choice, raw",
170798,"Beef, chuck eye Country-Style ribs, boneless, separable lean only, trimmed to 0"" fat, select, cooked, braised",
171194,"Beef, chuck eye Country-Style ribs, boneless, separable lean only, trimmed to 0"" fat, select, raw",
170820,"Beef, chuck eye roast, boneless, America's Beef Roast, separable lean and fat, trimmed to 0"" fat, all grades, cooked, roasted",
168660,"Beef, chuck eye roast, boneless, America's Beef Roast, separable lean and fat, trimmed to 0"" fat, all grades, raw",
171215,"Beef, chuck eye roast, boneless, America's Beef Roast, separable lean and fat, trimmed to 0"" fat, choice, cooked, roasted",
168661,"Beef, chuck eye roast, boneless, America's Beef Roast, separable lean and fat, trimmed to 0"" fat, choice, raw",
171216,"Beef, chuck eye roast, boneless, America's Beef Roast, separable lean and fat, trimmed to 0"" fat, select, cooked, roasted",
168662,"Beef, chuck eye roast, boneless, America's Beef Roast, separable lean and fat, trimmed to 0"" fat, select, raw",
168674,"Beef, chuck eye roast, boneless, America's Beef Roast, separable lean only, trimmed to 0"" fat, all grades, cooked, roasted",
169565,"Beef, chuck eye roast, boneless, America's Beef Roast, separable lean only, trimmed to 0"" fat, all grades, raw",
169496,"Beef, chuck eye roast, boneless, America's Beef Roast, separable lean only, trimmed to 0"" fat, choice, cooked, roasted",
169566,"Beef, chuck eye roast, boneless, America's Beef Roast, separable lean only, trimmed to 0"" fat, choice, raw",
169497,"Beef, chuck eye roast, boneless, America's Beef Roast, separable lean only, trimmed to 0"" fat, select, cooked, roasted",
168742,"Beef, chuck eye roast, boneless, America's Beef Roast, separable lean only, trimmed to 0"" fat, select, raw",
171228,"Beef, chuck eye steak, boneless, separable lean and fat, trimmed to 0"" fat, all grades, cooked, grilled",
171231,"Beef, chuck eye steak, boneless, separable lean and fat, trimmed to 0"" fat, all grades, raw",
171229,"Beef, chuck eye steak, boneless, separable lean and fat, trimmed to 0"" fat, choice, cooked, grilled",
170834,"Beef, chuck eye steak, boneless, separable lean and fat, trimmed to 0"" fat, choice, raw",
171230,"Beef, chuck eye steak, boneless, separable lean and fat, trimmed to 0"" fat, select, cooked, grilled",
170835,"Beef, chuck eye steak, boneless, separable lean and fat, trimmed to 0"" fat, select, raw",
170801,"Beef, chuck eye steak, boneless, separable lean only, trimmed to 0"" fat, all grades, cooked, grilled",
170804,"Beef, chuck eye steak, boneless, separable lean only, trimmed to 0"" fat, all grades, raw",
171196,"Beef, chuck eye steak, boneless, separable lean only, trimmed to 0"" fat, choice, cooked, grilled",
170802,"Beef, chuck eye steak, boneless, separable lean only, trimmed to 0"" fat, choice, raw",
171197,"Beef, chuck eye steak, boneless, separable lean only, trimmed to 0"" fat, select, cooked, grilled",
170803,"Beef, chuck eye steak, boneless, separable lean only, trimmed to 0"" fat, select, raw",
171203,"Beef, chuck for stew, separable lean and fat, all grades, cooked, braised",
171206,"Beef, chuck for stew, separable lean and fat, all grades, raw",
171205,"Beef, chuck for stew, separable lean and fat, choice, cooked, braised",
170810,"Beef, chuck for stew, separable lean and fat, choice, raw",
171204,"Beef, chuck for stew, separable lean and fat, select, cooked, braised",
170809,"Beef, chuck for stew, separable lean and fat, select, raw",
170213,"Beef, chuck, arm pot roast, separable lean and fat, trimmed to 0"" fat, all grades, cooked, braised",
170614,"Beef, chuck, arm pot roast, separable lean and fat, trimmed to 0"" fat, select, cooked, braised",
168667,"Beef, chuck, arm pot roast, separable lean and fat, trimmed to 1/8"" fat, all grades, cooked, braised",
169491,"Beef, chuck, arm pot roast, separable lean and fat, trimmed to 1/8"" fat, all grades, raw",
168669,"Beef, chuck, arm pot roast, separable lean and fat, trimmed to 1/8"" fat, choice, cooked, braised",
168668,"Beef, chuck, arm pot roast, separable lean and fat, trimmed to 1/8"" fat, choice, raw",
169492,"Beef, chuck, arm pot roast, separable lean and fat, trimmed to 1/8"" fat, select, cooked, braised",
168670,"Beef, chuck, arm pot roast, separable lean and fat, trimmed to 1/8"" fat, select, raw",
170615,"Beef, chuck, arm pot roast, separable lean only, trimmed to 0"" fat, choice, cooked, braised",
170616,"Beef, chuck, arm pot roast, separable lean only, trimmed to 0"" fat, select, cooked, braised",
174050,"Beef, chuck, arm pot roast, separable lean only, trimmed to 1/8"" fat, all grades, cooked, braised",
174051,"Beef, chuck, arm pot roast, separable lean only, trimmed to 1/8"" fat, all grades, raw",
171817,"Beef, chuck, arm pot roast, separable lean only, trimmed to 1/8"" fat, choice, cooked, braised",
174056,"Beef, chuck, arm pot roast, separable lean only, trimmed to 1/8"" fat, choice, raw",
174767,"Beef, chuck, arm pot roast, separable lean only, trimmed to 1/8"" fat, select, cooked, braised",
174765,"Beef, chuck, arm pot roast, separable lean only, trimmed to 1/8"" fat, select, raw",
170617,"Beef, chuck, blade roast, separable lean and fat, trimmed to 0"" fat, all grades, cooked, braised",
169494,"Beef, chuck, blade roast, separable lean and fat, trimmed to 1/8"" fat, all grades, cooked, braised",
169493,"Beef, chuck, blade roast, separable lean and fat, trimmed to 1/8"" fat, all grades, raw",
168671,"Beef, chuck, blade roast, separable lean and fat, trimmed to 1/8"" fat, choice, cooked, braised",
169495,"Beef, chuck, blade roast, separable lean and fat, trimmed to 1/8"" fat, choice, raw",
168673,"Beef, chuck, blade roast, separable lean and fat, trimmed to 1/8"" fat, select, cooked, braised",
168672,"Beef, chuck, blade roast, separable lean and fat, trimmed to 1/8"" fat, select, raw",
170215,"Beef, chuck, blade roast, separable lean only, trimmed to 0"" fat, all grades, cooked, braised",
174027,"Beef, chuck, clod roast, separable lean and fat, trimmed to 0"" fat, all grades, cooked, roasted",
174023,"Beef, chuck, clod roast, separable lean and fat, trimmed to 0"" fat, choice, cooked, roasted",
171784,"Beef, chuck, clod roast, separable lean and fat, trimmed to 0"" fat, select, cooked, roasted",
174019,"Beef, chuck, clod roast, separable lean only, trimmed to 0"" fat, all grades, cooked, roasted",
169553,"Beef, chuck, clod roast, separable lean only, trimmed to 0"" fat, choice, cooked, roasted",
168730,"Beef, chuck, clod roast, separable lean only, trimmed to 0"" fat, select, cooked, roasted",
171780,"Beef, chuck, clod roast, separable lean only, trimmed to 1/4"" fat, all grades, cooked, roasted",
174018,"Beef, chuck, clod roast, separable lean only, trimmed to 1/4"" fat, all grades, raw",
171782,"Beef, chuck, clod steak, separable lean only, trimmed to 1/4"" fat, all grades, cooked, braised",
170821,"Beef, chuck, mock tender steak, boneless, separable lean and fat, trimmed to 0"" fat, all grades, cooked, braised",
170824,"Beef, chuck, mock tender steak, boneless, separable lean and fat, trimmed to 0"" fat, all grades, raw",
170822,"Beef, chuck, mock tender steak, boneless, separable lean and fat, trimmed to 0"" fat, choice, cooked, braised",
171220,"Beef, chuck, mock tender steak, boneless, separable lean and fat, trimmed to 0"" fat, choice, raw",
170823,"Beef, chuck, mock tender steak, boneless, separable lean and fat, trimmed to 0"" fat, select, cooked, braised",
171221,"Beef, chuck, mock tender steak, boneless, separable lean and fat, trimmed to 0"" fat, select, raw",
170806,"Beef, chuck, mock tender steak, boneless, separable lean only, trimmed to 0"" fat, all grades, cooked, braised",
171202,"Beef, chuck, mock tender steak, boneless, separable lean only, trimmed to 0"" fat, all grades, raw",
171201,"Beef, chuck, mock tender steak, boneless, separable lean only, trimmed to 0"" fat, choice, cooked, braised",
170807,"Beef, chuck, mock tender steak, boneless, separable lean only, trimmed to 0"" fat, choice, raw",
170805,"Beef, chuck, mock tender steak, boneless, separable lean only, trimmed to 0"" fat, select, cooked, braised",
170808,"Beef, chuck, mock tender steak, boneless, separable lean only, trimmed to 0"" fat, select, raw",
174025,"Beef, chuck, mock tender steak, separable lean and fat, trimmed to 0"" fat, all grades, cooked, broiled",
171783,"Beef, chuck, mock tender steak, separable lean and fat, trimmed to 0"" fat, USDA choice, cooked, broiled",
174020,"Beef, chuck, mock tender steak, separable lean and fat, trimmed to 0"" fat, USDA select, cooked, broiled",
174016,"Beef, chuck, mock tender steak, separable lean only, trimmed to 0"" fat, all grades, cooked, broiled",
169561,"Beef, chuck, mock tender steak, separable lean only, trimmed to 0"" fat, choice, cooked, broiled",
169562,"Beef, chuck, mock tender steak, separable lean only, trimmed to 0"" fat, select, cooked, broiled",
2646174,"Beef, chuck, roast, boneless, choice, raw",
171222,"Beef, chuck, short ribs, boneless, separable lean and fat, trimmed to 0"" fat, all grades, cooked, braised",
170826,"Beef, chuck, short ribs, boneless, separable lean and fat, trimmed to 0"" fat, all grades, raw",
171223,"Beef, chuck, short ribs, boneless, separable lean and fat, trimmed to 0"" fat, choice, cooked, braised",
170827,"Beef, chuck, short ribs, boneless, separable lean and fat, trimmed to 0"" fat, choice, raw",
170825,"Beef, chuck, short ribs, boneless, separable lean and fat, trimmed to 0"" fat, select, cooked, braised",
170828,"Beef, chuck, short ribs, boneless, separable lean and fat, trimmed to 0"" fat, select, raw",
169569,"Beef, chuck, short ribs, boneless, separable lean only, trimmed to 0"" fat, all grades, cooked, braised",
170796,"Beef, chuck, short ribs, boneless, separable lean only, trimmed to 0"" fat, all grades, raw",
169567,"Beef, chuck, short ribs, boneless, separable lean only, trimmed to 0"" fat, choice, cooked, braised",
170783,"Beef, chuck, short ribs, boneless, separable lean only, trimmed to 0"" fat, choice, raw",
169568,"Beef, chuck, short ribs, boneless, separable lean only, trimmed to 0"" fat, select, cooked, braised",
171193,"Beef, chuck, short ribs, boneless, separable lean only, trimmed to 0"" fat, select, raw",
173366,"Beef, chuck, shoulder clod, shoulder tender, medallion, separable lean and fat, trimmed to 0"" fat, all grades, cooked, grilled",
173365,"Beef, chuck, shoulder clod, shoulder tender, medallion, separable lean and fat, trimmed to 0"" fat, all grades, raw",
173355,"Beef, chuck, shoulder clod, shoulder tender, medallion, separable lean and fat, trimmed to 0"" fat, choice, cooked, grilled",
172122,"Beef, chuck, shoulder clod, shoulder tender, medallion, separable lean and fat, trimmed to 0"" fat, choice, raw",
172136,"Beef, chuck, shoulder clod, shoulder tender, medallion, separable lean and fat, trimmed to 0"" fat, select, cooked, grilled",
173356,"Beef, chuck, shoulder clod, shoulder tender, medallion, separable lean and fat, trimmed to 0"" fat, select, raw",
172133,"Beef, chuck, shoulder clod, shoulder top and center steaks, separable lean and fat, trimmed to 0"" fat, all grades, cooked, grilled",
172132,"Beef, chuck, shoulder clod, shoulder top and center steaks, separable lean and fat, trimmed to 0"" fat, all grades, raw",
173358,"Beef, chuck, shoulder clod, shoulder top and center steaks, separable lean and fat, trimmed to 0"" fat, choice, cooked, grilled",
173357,"Beef, chuck, shoulder clod, shoulder top and center steaks, separable lean and fat, trimmed to 0"" fat, choice, raw",
172124,"Beef, chuck, shoulder clod, shoulder top and center steaks, separable lean and fat, trimmed to 0"" fat, select, cooked, grilled",
172123,"Beef, chuck, shoulder clod, shoulder top and center steaks, separable lean and fat, trimmed to 0"" fat, select, raw",
173368,"Beef, chuck, shoulder clod, top blade, steak, separable lean and fat, trimmed to 0"" fat, all grades, cooked, grilled",
172134,"Beef, chuck, shoulder clod, top blade, steak, separable lean and fat, trimmed to 0"" fat, all grades, raw",
172126,"Beef, chuck, shoulder clod, top blade, steak, separable lean and fat, trimmed to 0"" fat, choice, cooked, grilled",
172125,"Beef, chuck, shoulder clod, top blade, steak, separable lean and fat, trimmed to 0"" fat, choice, raw",
173360,"Beef, chuck, shoulder clod, top blade, steak, separable lean and fat, trimmed to 0"" fat, select, cooked, grilled",
173359,"Beef, chuck, shoulder clod, top blade, steak, separable lean and fat, trimmed to 0"" fat, select, raw",
174026,"Beef, chuck, top blade, separable lean and fat, trimmed to 0"" fat, all grades, cooked, broiled",
174021,"Beef, chuck, top blade, separable lean and fat, trimmed to 0"" fat, choice, cooked, broiled",
174022,"Beef, chuck, top blade, separable lean and fat, trimmed to 0"" fat, select, cooked, broiled",
174017,"Beef, chuck, top blade, separable lean only, trimmed to 0"" fat, all grades, cooked, broiled",
168738,"Beef, chuck, top blade, separable lean only, trimmed to 0"" fat, choice, cooked, broiled",
168739,"Beef, chuck, top blade, separable lean only, trimmed to 0"" fat, select, cooked, broiled",
170816,"Beef, chuck, under blade center steak, boneless, Denver Cut, separable lean and fat, trimmed to 0"" fat, all grades, cooked, grilled",
171213,"Beef, chuck, under blade center steak, boneless, Denver Cut, separable lean and fat, trimmed to 0"" fat, all grades, raw",
171211,"Beef, chuck, under blade center steak, boneless, Denver Cut, separable lean and fat, trimmed to 0"" fat, choice, cooked, grilled",
171214,"Beef, chuck, under blade center steak, boneless, Denver Cut, separable lean and fat, trimmed to 0"" fat, choice, raw",
171212,"Beef, chuck, under blade center steak, boneless, Denver Cut, separable lean and fat, trimmed to 0"" fat, select, cooked, grilled",
170817,"Beef, chuck, under blade center steak, boneless, Denver Cut, separable lean and fat, trimmed to 0"" fat, select, raw",
170605,"Beef, chuck, under blade center steak, boneless, Denver Cut, separable lean only, trimmed to 0"" fat, all grades, cooked, grilled",
170205,"Beef, chuck, under blade center steak, boneless, Denver Cut, separable lean only, trimmed to 0"" fat, all grades, raw",
170201,"Beef, chuck, under blade center steak, boneless, Denver Cut, separable lean only, trimmed to 0"" fat, choice, cooked, grilled",
170608,"Beef, chuck, under blade center steak, boneless, Denver Cut, separable lean only, trimmed to 0"" fat, choice, raw",
170203,"Beef, chuck, under blade center steak, boneless, Denver Cut, separable lean only, trimmed to 0"" fat, select, cooked, grilled",
168653,"Beef, chuck, under blade center steak, boneless, Denver Cut, separable lean only, trimmed to 0"" fat, select, raw",
170813,"Beef, chuck, under blade pot roast or steak, boneless, separable lean and fat, trimmed to 0"" fat, all grades, raw",
170814,"Beef, chuck, under blade pot roast or steak, boneless, separable lean and fat, trimmed to 0"" fat, choice, raw",
170815,"Beef, chuck, under blade pot roast or steak, boneless, separable lean and fat, trimmed to 0"" fat, select, raw",
169445,"Beef, chuck, under blade pot roast or steak, boneless, separable lean only, trimmed to 0"" fat, all grades, raw",
169446,"Beef, chuck, under blade pot roast or steak, boneless, separable lean only, trimmed to 0"" fat, choice, raw",
170603,"Beef, chuck, under blade pot roast or steak, boneless, separable lean only, trimmed to 0"" fat, select, raw",
171208,"Beef, chuck, under blade pot roast, boneless, separable lean and fat, trimmed to 0"" fat, all grades, cooked, braised",
170618,"Beef, chuck, under blade pot roast, boneless, separable lean and fat, trimmed to 0"" fat, choice, cooked, braised",
170214,"Beef, chuck, under blade pot roast, boneless, separable lean and fat, trimmed to 0"" fat, select, cooked, braised",
169444,"Beef, chuck, under blade pot roast, boneless, separable lean only, trimmed to 0"" fat, all grades, cooked, braised",
170216,"Beef, chuck, under blade pot roast, boneless, separable lean only, trimmed to 0"" fat, choice, cooked, braised",
170217,"Beef, chuck, under blade pot roast, boneless, separable lean only, trimmed to 0"" fat, select, cooked, braised",
171217,"Beef, chuck, under blade steak, boneless, separable lean and fat, trimmed to 0"" fat, all grades, cooked, braised",
171218,"Beef, chuck, under blade steak, boneless, separable lean and fat, trimmed to 0"" fat, choice, cooked, braised",
171219,"Beef, chuck, under blade steak, boneless, separable lean and fat, trimmed to 0"" fat, select, cooked, braised",
171207,"Beef, chuck, under blade steak, boneless, separable lean only, trimmed to 0"" fat, all grades, cooked, braised",
170811,"Beef, chuck, under blade steak, boneless, separable lean only, trimmed to 0"" fat, choice, cooked, braised",
170812,"Beef, chuck, under blade steak, boneless, separable lean only, trimmed to 0"" fat, select, cooked, braised",
170609,"Beef, composite of trimmed retail cuts, separable lean and fat, trimmed to 0"" fat, all grades, cooked",
174757,"Beef, composite of trimmed retail cuts, separable lean and fat, trimmed to 0"" fat, all grades, raw",
170206,"Beef, composite of trimmed retail cuts, separable lean and fat, trimmed to 0"" fat, choice, cooked",
174014,"Beef, composite of trimmed retail cuts, separable lean and fat, trimmed to 0"" fat, choice, raw",
170207,"Beef, composite of trimmed retail cuts, separable lean and fat, trimmed to 0"" fat, select, cooked",
171777,"Beef, composite of trimmed retail cuts, separable lean and fat, trimmed to 0"" fat, select, raw",
169484,"Beef, composite of trimmed retail cuts, separable lean and fat, trimmed to 1/8"" fat, all grades, cooked",
169483,"Beef, composite of trimmed retail cuts, separable lean and fat, trimmed to 1/8"" fat, all grades, raw",
169486,"Beef, composite of trimmed retail cuts, separable lean and fat, trimmed to 1/8"" fat, choice, cooked",
169485,"Beef, composite of trimmed retail cuts, separable lean and fat, trimmed to 1/8"" fat, choice, raw",
168663,"Beef, composite of trimmed retail cuts, separable lean and fat, trimmed to 1/8"" fat, select, cooked",
169487,"Beef, composite of trimmed retail cuts, separable lean and fat, trimmed to 1/8"" fat, select, raw",
170208,"Beef, composite of trimmed retail cuts, separable lean only, trimmed to 0"" fat, all grades, cooked",
174760,"Beef, composite of trimmed retail cuts, separable lean only, trimmed to 0"" fat, all grades, raw",
170209,"Beef, composite of trimmed retail cuts, separable lean only, trimmed to 0"" fat, choice, cooked",
174015,"Beef, composite of trimmed retail cuts, separable lean only, trimmed to 0"" fat, choice, raw",
170610,"Beef, composite of trimmed retail cuts, separable lean only, trimmed to 0"" fat, select, cooked",
171776,"Beef, composite of trimmed retail cuts, separable lean only, trimmed to 0"" fat, select, raw",
174759,"Beef, composite of trimmed retail cuts, separable lean only, trimmed to 1/8"" fat, all grades, cooked",
174758,"Beef, composite of trimmed retail cuts, separable lean only, trimmed to 1/8"" fat, all grades, raw",
174012,"Beef, composite of trimmed retail cuts, separable lean only, trimmed to 1/8"" fat, choice, raw",
171778,"Beef, composite of trimmed retail cuts, separable lean only, trimmed to 1/8"" fat, select, cooked",
171779,"Beef, composite of trimmed retail cuts, separable lean only, trimmed to 1/8"" fat, select, raw",
173332,"Beef, corned beef hash, with potato, canned",
170198,"Beef, cured, breakfast strips, cooked",
170197,"Beef, cured, breakfast strips, raw or unheated",
170200,"Beef, cured, corned beef, brisket, cooked",
170199,"Beef, cured, corned beef, brisket, raw",
170602,"Beef, cured, corned beef, canned",
170604,"Beef, cured, dried",
170202,"Beef, cured, luncheon meat, jellied",
170204,"Beef, cured, pastrami",
2646175,"Beef, flank, steak, boneless, choice, raw",
168733,"Beef, flank, steak, separable lean and fat, trimmed to 0"" fat, all grades, cooked, broiled",
169563,"Beef, flank, steak, separable lean and fat, trimmed to 0"" fat, all grades, raw",
169434,"Beef, flank, steak, separable lean and fat, trimmed to 0"" fat, choice, cooked, braised",
169435,"Beef, flank, steak, separable lean and fat, trimmed to 0"" fat, choice, cooked, broiled",
169433,"Beef, flank, steak, separable lean and fat, trimmed to 0"" fat, choice, raw",
169554,"Beef, flank, steak, separable lean and fat, trimmed to 0"" fat, select, cooked, broiled",
169564,"Beef, flank, steak, separable lean and fat, trimmed to 0"" fat, select, raw",
174774,"Beef, flank, steak, separable lean only, trimmed to 0"" fat, all grades, cooked, broiled",
174776,"Beef, flank, steak, separable lean only, trimmed to 0"" fat, all grades, raw",
168610,"Beef, flank, steak, separable lean only, trimmed to 0"" fat, choice, cooked, braised",
168611,"Beef, flank, steak, separable lean only, trimmed to 0"" fat, choice, cooked, broiled",
168609,"Beef, flank, steak, separable lean only, trimmed to 0"" fat, choice, raw",
174775,"Beef, flank, steak, separable lean only, trimmed to 0"" fat, select, cooked, broiled",
174777,"Beef, flank, steak, separable lean only, trimmed to 0"" fat, select, raw",
168608,"Beef, grass-fed, ground, raw",
169429,"Beef, grass-fed, strip steaks, lean only, raw",
169473,"Beef, ground, 70% lean meat / 30% fat, crumbles, cooked, pan-browned",
169474,"Beef, ground, 70% lean meat / 30% fat, loaf, cooked, baked",
168650,"Beef, ground, 70% lean meat / 30% fat, patty cooked, pan-broiled",
168651,"Beef, ground, 70% lean meat / 30% fat, patty, cooked, broiled",
168652,"Beef, ground, 70% lean meat / 30% fat, raw",
174040,"Beef, ground, 75% lean meat / 25% fat, crumbles, cooked, pan-browned",
171801,"Beef, ground, 75% lean meat / 25% fat, loaf, cooked, baked",
174038,"Beef, ground, 75% lean meat / 25% fat, patty, cooked, broiled",
174039,"Beef, ground, 75% lean meat / 25% fat, patty, cooked, pan-broiled",
174037,"Beef, ground, 75% lean meat / 25% fat, raw",
171799,"Beef, ground, 80% lean meat / 20% fat, crumbles, cooked, pan-browned",
171800,"Beef, ground, 80% lean meat / 20% fat, loaf, cooked, baked",
171797,"Beef, ground, 80% lean meat / 20% fat, patty, cooked, broiled",
171798,"Beef, ground, 80% lean meat / 20% fat, patty, cooked, pan-broiled",
174036,"Beef, ground, 80% lean meat / 20% fat, raw",
2514744,"Beef, ground, 80% lean meat / 20% fat, raw",
174034,"Beef, ground, 85% lean meat / 15% fat, crumbles, cooked, pan-browned",
174035,"Beef, ground, 85% lean meat / 15% fat, loaf, cooked, baked",
174032,"Beef, ground, 85% lean meat / 15% fat, patty, cooked, broiled",
174033,"Beef, ground, 85% lean meat / 15% fat, patty, cooked, pan-broiled",
171796,"Beef, ground, 85% lean meat / 15% fat, raw (Includes foods for USDA's Food Distribution Program)",
171794,"Beef, ground, 90% lean meat / 10% fat, crumbles, cooked, pan-browned",
171795,"Beef, ground, 90% lean meat / 10% fat, loaf, cooked, baked",
174031,"Beef, ground, 90% lean meat / 10% fat, patty, cooked, broiled",
171793,"Beef, ground, 90% lean meat / 10% fat, patty, cooked, pan-broiled",
174030,"Beef, ground, 90% lean meat / 10% fat, raw",
2514743,"Beef, ground, 90% lean meat / 10% fat, raw",
174755,"Beef, ground, 93% lean meat / 7% fat, crumbles, cooked, pan-browned",
174754,"Beef, ground, 93% lean meat / 7% fat, loaf, cooked, baked",
174752,"Beef, ground, 93% lean meat / 7% fat, patty, cooked, broiled",
173110,"Beef, ground, 93% lean meat / 7% fat, raw",
174753,"Beef, ground, 93% lean meat /7% fat, patty, cooked, pan-broiled",
174028,"Beef, ground, 95% lean meat / 5% fat, crumbles, cooked, pan-browned",
174029,"Beef, ground, 95% lean meat / 5% fat, loaf, cooked, baked",
171791,"Beef, ground, 95% lean meat / 5% fat, patty, cooked, broiled",
171792,"Beef, ground, 95% lean meat / 5% fat, patty, cooked, pan-broiled",
171790,"Beef, ground, 95% lean meat / 5% fat, raw",
174756,"Beef, ground, 97% lean meat / 3% fat, crumbles, cooked, pan-browned",
173114,"Beef, ground, 97% lean meat / 3% fat, loaf, cooked, baked",
173112,"Beef, ground, 97% lean meat / 3% fat, patty, cooked, broiled",
173111,"Beef, ground, 97% lean meat / 3% fat, raw",
173113,"Beef, ground, 97% lean meat /3% fat, patty, cooked, pan-broiled",
169447,"Beef, ground, patties, frozen, cooked, broiled",
172161,"Beef, ground, unspecified fat content, cooked",
169571,"Beef, loin, bottom sirloin butt, tri-tip roast, separable lean only, trimmed to 0"" fat, all grades, cooked, roasted",
174024,"Beef, loin, bottom sirloin butt, tri-tip steak, separable lean and fat, trimmed to 0"" fat, all grades, cooked, broiled",
173991,"Beef, loin, tenderloin roast, boneless, separable lean and fat, trimmed to 0"" fat, all grades, cooked, roasted",
173987,"Beef, loin, tenderloin roast, boneless, separable lean and fat, trimmed to 0"" fat, all grades, raw",
171753,"Beef, loin, tenderloin roast, boneless, separable lean and fat, trimmed to 0"" fat, choice, cooked, roasted",
171748,"Beef, loin, tenderloin roast, boneless, separable lean and fat, trimmed to 0"" fat, choice, raw",
171754,"Beef, loin, tenderloin roast, boneless, separable lean and fat, trimmed to 0"" fat, select, cooked, roasted",
171749,"Beef, loin, tenderloin roast, boneless, separable lean and fat, trimmed to 0"" fat, select, raw",
174004,"Beef, loin, tenderloin roast, boneless, separable lean only, trimmed to 0"" fat, all grades, cooked, roasted",
171765,"Beef, loin, tenderloin roast, boneless, separable lean only, trimmed to 0"" fat, all grades, raw",
174005,"Beef, loin, tenderloin roast, boneless, separable lean only, trimmed to 0"" fat, choice, cooked, roasted",
174000,"Beef, loin, tenderloin roast, boneless, separable lean only, trimmed to 0"" fat, choice, raw",
174001,"Beef, loin, tenderloin roast, boneless, separable lean only, trimmed to 0"" fat, select, raw",
174006,"Beef, loin, tenderloin roast, separable lean only, boneless, trimmed to 0"" fat, select, cooked, roasted",
746758,"Beef, loin, tenderloin roast, separable lean only, boneless, trimmed to 0"" fat, select, cooked, roasted",
170237,"Beef, loin, tenderloin steak, boneless, separable lean and fat, trimmed to 0"" fat, all grades, cooked, grilled",
173988,"Beef, loin, tenderloin steak, boneless, separable lean and fat, trimmed to 0"" fat, all grades, raw",
170238,"Beef, loin, tenderloin steak, boneless, separable lean and fat, trimmed to 0"" fat, choice, cooked, grilled",
173989,"Beef, loin, tenderloin steak, boneless, separable lean and fat, trimmed to 0"" fat, choice, raw",
170640,"Beef, loin, tenderloin steak, boneless, separable lean and fat, trimmed to 0"" fat, select, cooked, grilled",
173990,"Beef, loin, tenderloin steak, boneless, separable lean and fat, trimmed to 0"" fat, select, raw",
170641,"Beef, loin, tenderloin steak, boneless, separable lean only, trimmed to 0"" fat, all grades, cooked, grilled",
171767,"Beef, loin, tenderloin steak, boneless, separable lean only, trimmed to 0"" fat, all grades, raw",
170642,"Beef, loin, tenderloin steak, boneless, separable lean only, trimmed to 0"" fat, choice, cooked, grilled",
171768,"Beef, loin, tenderloin steak, boneless, separable lean only, trimmed to 0"" fat, choice, raw",
170643,"Beef, loin, tenderloin steak, boneless, separable lean only, trimmed to 0"" fat, select, cooked, grilled",
171769,"Beef, loin, tenderloin steak, boneless, separable lean only, trimmed to 0"" fat, select, raw",
170239,"Beef, loin, top loin steak, boneless, lip off, separable lean and fat, trimmed to 0"" fat, all grades, cooked, grilled",
171750,"Beef, loin, top loin steak, boneless, lip off, separable lean and fat, trimmed to 0"" fat, all grades, raw",
170240,"Beef, loin, top loin steak, boneless, lip off, separable lean and fat, trimmed to 0"" fat, choice, cooked, grilled",
171751,"Beef, loin, top loin steak, boneless, lip off, separable lean and fat, trimmed to 0"" fat, choice, raw",
168631,"Beef, loin, top loin steak, boneless, lip off, separable lean and fat, trimmed to 0"" fat, select, cooked, grilled",
171752,"Beef, loin, top loin steak, boneless, lip off, separable lean and fat, trimmed to 0"" fat, select, raw",
168632,"Beef, loin, top loin steak, boneless, lip off, separable lean only, trimmed to 0"" fat, all grades, cooked, grilled",
174002,"Beef, loin, top loin steak, boneless, lip off, separable lean only, trimmed to 0"" fat, all grades, raw",
169455,"Beef, loin, top loin steak, boneless, lip off, separable lean only, trimmed to 0"" fat, choice, cooked, grilled",
174003,"Beef, loin, top loin steak, boneless, lip off, separable lean only, trimmed to 0"" fat, choice, raw",
169456,"Beef, loin, top loin steak, boneless, lip off, separable lean only, trimmed to 0"" fat, select, cooked, grilled",
171766,"Beef, loin, top loin steak, boneless, lip off, separable lean only, trimmed to 0"" fat, select, raw",
174714,"Beef, loin, top loin steak, boneless, lip-on, separable lean and fat, trimmed to 1/8"" fat, all grades, cooked, grilled",
